{
    "rmse": 0.8138218502600276,
    "mae": 0.677008969166839,
    "r2": 0.03467127639531076
}