{
    "rmse": 0.8055423717521456,
    "mae": 0.667532348067642,
    "r2": 0.05421305369991791
}