{
    "rmse": 0.811518840671419,
    "mae": 0.6733719290483065,
    "r2": 0.040127054408112595
}