{
    "rmse": 0.7967315906647611,
    "mae": 0.6592975817659933,
    "r2": 0.07478937453780854
}